target,sequence,design,cas_avg,kd_avg
P,GCaagcatcctGT,LLDDDDDDDDDLL,285.38188626867486,25.500862079515436
P,GTTactgccttcTTAc,LLLDDDDDDDDDLLLD,185.48856926176666,27.14576587314476
C,TTGaataagtggaTGT,LLLDDDDDDDDDDLLL,113.42266662785322,78.17621885101659
C,CcAAAtcttataataACtAC,LDLLLDDDDDDDDDDLLDLL,163.3720200930633,78.0827314566934
A,TGGCaagcatccTGTA,LLLLDDDDDDDDLLLL,348.966481922972,88.27146857789751
A,TGGCAagcatcCTGTA,LLLLLDDDDDDLLLLL,444.7894401305418,81.58407947967058
A,TGGCaagcatcCTGTA,LLLLDDDDDDDLLLLL,414.2047314717626,77.24835612484367
A,TGGcAagcatcCTGTA,LLLDLDDDDDDLLLLL,536.3294174858098,83.15933395131869
A,TGGcaagcatcCTGTA,LLLDDDDDDDDLLLLL,475.94078207095845,74.90291624392559
A,TGgCAagcatcCTGTA,LLDLLDDDDDDLLLLL,477.38430137879396,73.40393483307594
A,TGgCaagcatcCTGTA,LLDLDDDDDDDLLLLL,427.23858520722564,73.72000867974268
A,TGgcAagcatcCTGTA,LLDDLDDDDDDLLLLL,432.42246718299,67.20564919114022
A,TGgcaagcatcCTGTA,LLDDDDDDDDDLLLLL,367.7790779412033,61.44786709002847
A,TgGCAagcatcCTGTA,LDLLLDDDDDDLLLLL,481.67993365869035,84.1314421467313
A,TgGCaagcatcCTGTA,LDLLDDDDDDDLLLLL,415.31531139931354,78.15819025795213
A,TgGcAagcatcCTGTA,LDLDLDDDDDDLLLLL,342.3396558499403,68.27275475224896
A,TgGcaagcatcCTGTA,LDLDDDDDDDDLLLLL,417.0627862790225,62.4578165266059
A,TggCAagcatcCTGTA,LDDLLDDDDDDLLLLL,365.98983468362195,61.18213652625326
A,TggCaagcatcCTGTA,LDDLDDDDDDDLLLLL,415.644084703255,59.50648702058142
A,TggcAagcatcCTGTA,LDDDLDDDDDDLLLLL,396.3728623506792,50.10429776113365
A,TggcaagcatcCTGTA,LDDDDDDDDDDLLLLL,480.36466159625314,45.857535763198506
A,TGGCAagcatcCTGtA,LLLLLDDDDDDLLLDL,366.1307408673617,83.7741898405113
A,TGGCaagcatcCTGtA,LLLLDDDDDDDLLLDL,574.9325029847463,76.16304855941323
A,TGGcAagcatcCTGtA,LLLDLDDDDDDLLLDL,413.40528125464493,69.33293899369862
A,TGGcaagcatcCTGtA,LLLDDDDDDDDLLLDL,449.4230026059934,72.94818740189115
A,TGgCAagcatcCTGtA,LLDLLDDDDDDLLLDL,473.6918037770097,71.41476732700147
A,TGgCaagcatcCTGtA,LLDLDDDDDDDLLLDL,419.3502560700438,66.7183830679334
A,TGgcAagcatcCTGtA,LLDDLDDDDDDLLLDL,396.9795657923264,65.86172954714486
A,TGgcaagcatcCTGtA,LLDDDDDDDDDLLLDL,351.6195842842446,60.8416115563204
A,TgGCAagcatcCTGtA,LDLLLDDDDDDLLLDL,490.0113747959893,92.59275808376982
A,TgGCaagcatcCTGtA,LDLLDDDDDDDLLLDL,437.84411829009264,74.02644564813752
A,TgGcAagcatcCTGtA,LDLDLDDDDDDLLLDL,261.1288860091291,66.77446231143233
A,TgGcaagcatcCTGtA,LDLDDDDDDDDLLLDL,254.03016827692701,72.10830468082366
A,TggCAagcatcCTGtA,LDDLLDDDDDDLLLDL,415.5638314065452,56.49574950148465
A,TggCaagcatcCTGtA,LDDLDDDDDDDLLLDL,394.2451991878336,59.312027188209896
A,TggcAagcatcCTGtA,LDDDLDDDDDDLLLDL,223.8064552267834,49.42845717636806
A,TggcaagcatcCTGtA,LDDDDDDDDDDLLLDL,381.4906997065228,52.49140134235357
A,TGGCAagcatcCTgTA,LLLLLDDDDDDLLDLL,366.5495128922982,86.18096477941836
A,TGGCaagcatcCTgTA,LLLLDDDDDDDLLDLL,572.455214555915,74.50793527521304
A,TGGcAagcatcCTgTA,LLLDLDDDDDDLLDLL,457.6288394902438,72.25486601187687
A,TGGcaagcatcCTgTA,LLLDDDDDDDDLLDLL,413.62688841557815,62.80050019394993
A,TGgCAagcatcCTgTA,LLDLLDDDDDDLLDLL,492.50959214497703,70.31204315111057
A,TGgCaagcatcCTgTA,LLDLDDDDDDDLLDLL,410.2042102435036,71.48236335315949
A,TGgcAagcatcCTgTA,LLDDLDDDDDDLLDLL,446.263122219835,67.68891113970693
A,TGgcaagcatcCTgTA,LLDDDDDDDDDLLDLL,401.1429420194558,60.13033623177012
A,TgGCAagcatcCTgTA,LDLLLDDDDDDLLDLL,436.5679195802306,89.7743319059583
A,TgGCaagcatcCTgTA,LDLLDDDDDDDLLDLL,380.72922120535077,71.66808812933027
A,TgGcAagcatcCTgTA,LDLDLDDDDDDLLDLL,262.9232751322088,62.833332197000146
A,TgGcaagcatcCTgTA,LDLDDDDDDDDLLDLL,226.7255202092002,58.831944685958725
A,TggCAagcatcCTgTA,LDDLLDDDDDDLLDLL,387.62462776907313,55.48737607246943
A,TggCaagcatcCTgTA,LDDLDDDDDDDLLDLL,355.9117954720147,54.8313020937348
A,TggcAagcatcCTgTA,LDDDLDDDDDDLLDLL,285.258923215951,45.99905091428612
A,TggcaagcatcCTgTA,LDDDDDDDDDDLLDLL,443.6161464739773,47.416020418104424
A,TGGCAagcatcCTgtA,LLLLLDDDDDDLLDDL,344.3438153996535,71.04250164387335
A,TGGCaagcatcCTgtA,LLLLDDDDDDDLLDDL,528.3533308199131,74.6477725063056
A,TGGcAagcatcCTgtA,LLLDLDDDDDDLLDDL,268.34432263901033,77.95399607266799
A,TGGcaagcatcCTgtA,LLLDDDDDDDDLLDDL,220.60002255315973,70.91389851517954
A,TGgCAagcatcCTgtA,LLDLLDDDDDDLLDDL,354.4617465262777,71.1010340708307
A,TGgCaagcatcCTgtA,LLDLDDDDDDDLLDDL,309.24608066942216,82.32845345119124
A,TGgcAagcatcCTgtA,LLDDLDDDDDDLLDDL,384.5125945820775,63.6299498976024
A,TGgcaagcatcCTgtA,LLDDDDDDDDDLLDDL,422.15169008985777,44.311751607894365
A,TgGCAagcatcCTgtA,LDLLLDDDDDDLLDDL,495.04215377148904,65.38469914900435
A,TgGCaagcatcCTgtA,LDLLDDDDDDDLLDDL,359.6717639645219,58.91803680662855
A,TgGcAagcatcCTgtA,LDLDLDDDDDDLLDDL,218.77164973677316,59.975310280147646
A,TgGcaagcatcCTgtA,LDLDDDDDDDDLLDDL,196.8809263646775,63.49663439271873
A,TggCAagcatcCTgtA,LDDLLDDDDDDLLDDL,388.38653218853506,52.90137272940081
A,TggCaagcatcCTgtA,LDDLDDDDDDDLLDDL,313.66505036057464,47.781192800557136
A,TggcAagcatcCTgtA,LDDDLDDDDDDLLDDL,245.51302369970927,42.977874829225
A,TggcaagcatcCTgtA,LDDDDDDDDDDLLDDL,345.7813703928741,46.62105526666854
A,TGGCAagcatcCtGTA,LLLLLDDDDDDLDLLL,443.41947863213267,80.07177644335805
A,TGGCaagcatcCtGTA,LLLLDDDDDDDLDLLL,521.5186595260161,82.76450830015253
A,TGGcAagcatcCtGTA,LLLDLDDDDDDLDLLL,427.618730492681,85.31167896670881
A,TGGcaagcatcCtGTA,LLLDDDDDDDDLDLLL,477.0680395664187,60.7125352632695
A,TGgCAagcatcCtGTA,LLDLLDDDDDDLDLLL,437.59409968100636,67.89971428843745
A,TGgCaagcatcCtGTA,LLDLDDDDDDDLDLLL,422.51533902516877,68.1187835163488
A,TGgcAagcatcCtGTA,LLDDLDDDDDDLDLLL,424.55181266298,52.47971346643851
A,TGgcaagcatcCtGTA,LLDDDDDDDDDLDLLL,368.80618072342054,55.82047526682672
A,TgGCAagcatcCtGTA,LDLLLDDDDDDLDLLL,475.6823564474012,87.38910325609032
A,TgGCaagcatcCtGTA,LDLLDDDDDDDLDLLL,435.38468810913884,63.960220528768815
A,TgGcAagcatcCtGTA,LDLDLDDDDDDLDLLL,309.44380210071864,65.06836351668832
A,TgGcaagcatcCtGTA,LDLDDDDDDDDLDLLL,195.4005324433039,61.124195767406675
A,TggCAagcatcCtGTA,LDDLLDDDDDDLDLLL,353.3838042542446,49.354090882675216
A,TggCaagcatcCtGTA,LDDLDDDDDDDLDLLL,303.1930297067,56.33538813341967
A,TggcAagcatcCtGTA,LDDDLDDDDDDLDLLL,229.80307105012056,60.151686386131495
A,TggcaagcatcCtGTA,LDDDDDDDDDDLDLLL,348.3555982315231,51.049052642518085
A,TGGCAagcatcCtGtA,LLLLLDDDDDDLDLDL,373.3372430294092,80.36779659595561
A,TGGCaagcatcCtGtA,LLLLDDDDDDDLDLDL,372.15755045651053,80.59952695989432
A,TGGcAagcatcCtGtA,LLLDLDDDDDDLDLDL,349.8172719062995,81.30140780195121
A,TGGcaagcatcCtGtA,LLLDDDDDDDDLDLDL,385.0549385879988,63.936981798294006
A,TGgCAagcatcCtGtA,LLDLLDDDDDDLDLDL,482.8924393465231,66.27377747071822
A,TGgCaagcatcCtGtA,LLDLDDDDDDDLDLDL,428.76716759478177,66.3855367162011
A,TGgcAagcatcCtGtA,LLDDLDDDDDDLDLDL,390.4002000211747,61.172827274838
A,TGgcaagcatcCtGtA,LLDDDDDDDDDLDLDL,422.8466909931141,54.25890264471006
A,TgGCAagcatcCtGtA,LDLLLDDDDDDLDLDL,455.4785014793302,64.12143163684829
A,TgGCaagcatcCtGtA,LDLLDDDDDDDLDLDL,400.4324153187213,72.2471428251466
A,TgGcAagcatcCtGtA,LDLDLDDDDDDLDLDL,175.33115039642666,69.17092502362159
A,TgGcaagcatcCtGtA,LDLDDDDDDDDLDLDL,206.03624559840105,58.08826276359643
A,TggCAagcatcCtGtA,LDDLLDDDDDDLDLDL,401.984624826506,43.19496316677015
A,TggCaagcatcCtGtA,LDDLDDDDDDDLDLDL,273.78856236775687,53.668623026364706
A,TggcAagcatcCtGtA,LDDDLDDDDDDLDLDL,212.95806660462912,54.18147320030842
A,TggcaagcatcCtGtA,LDDDDDDDDDDLDLDL,228.39341122304987,44.99534611287228
A,TGGCAagcatcCtgTA,LLLLLDDDDDDLDDLL,398.9053074402388,75.71935061687475
A,TGGCaagcatcCtgTA,LLLLDDDDDDDLDDLL,322.58598266209725,75.92238430381522
A,TGGcAagcatcCtgTA,LLLDLDDDDDDLDDLL,348.14284476859115,73.59668614741415
A,TGGcaagcatcCtgTA,LLLDDDDDDDDLDDLL,297.24826943879185,62.97927571839912
A,TGgCAagcatcCtgTA,LLDLLDDDDDDLDDLL,474.95115315499305,59.066334505340876
A,TGgCaagcatcCtgTA,LLDLDDDDDDDLDDLL,459.5176373450163,64.6803295107374
A,TGgcAagcatcCtgTA,LLDDLDDDDDDLDDLL,455.0534876848637,54.4745565234786
A,TGgcaagcatcCtgTA,LLDDDDDDDDDLDDLL,424.23749937671005,86.20265559825594
A,TgGCAagcatcCtgTA,LDLLLDDDDDDLDDLL,410.04390516778693,56.32931476977164
A,TgGCaagcatcCtgTA,LDLLDDDDDDDLDDLL,305.6502546667092,65.52006313557669
A,TgGcAagcatcCtgTA,LDLDLDDDDDDLDDLL,177.90136882965862,64.87135797963768
A,TgGcaagcatcCtgTA,LDLDDDDDDDDLDDLL,217.54678101020272,64.81217008099361
A,TggCAagcatcCtgTA,LDDLLDDDDDDLDDLL,256.8378942398758,31.177278332213668
A,TggCaagcatcCtgTA,LDDLDDDDDDDLDDLL,271.4506268714014,40.390248092517844
A,TggcAagcatcCtgTA,LDDDLDDDDDDLDDLL,221.37487388645422,51.23757519928974
A,TggcaagcatcCtgTA,LDDDDDDDDDDLDDLL,260.8277383903432,53.55392168851546
A,TGGCAagcatcCtgtA,LLLLLDDDDDDLDDDL,371.4061119101598,75.31847981887915
A,TGGCaagcatcCtgtA,LLLLDDDDDDDLDDDL,299.4109099388578,80.00037924096578
A,TGGcAagcatcCtgtA,LLLDLDDDDDDLDDDL,252.58058961211842,75.3205900916299
A,TGGcaagcatcCtgtA,LLLDDDDDDDDLDDDL,229.78923069263885,56.3636246053842
A,TGgCAagcatcCtgtA,LLDLLDDDDDDLDDDL,385.3176290768287,61.88648605126909
A,TGgCaagcatcCtgtA,LLDLDDDDDDDLDDDL,321.52348709643024,58.1149879261217
A,TGgcAagcatcCtgtA,LLDDLDDDDDDLDDDL,383.0041121835329,69.44686190787644
A,TGgcaagcatcCtgtA,LLDDDDDDDDDLDDDL,412.82606634694145,48.10495426250846
A,TgGCAagcatcCtgtA,LDLLLDDDDDDLDDDL,416.6115532136984,59.702096599853895
A,TgGCaagcatcCtgtA,LDLLDDDDDDDLDDDL,228.7488996872951,64.4189025583635
A,TgGcAagcatcCtgtA,LDLDLDDDDDDLDDDL,178.74642125807497,62.42841688847058
A,TgGcaagcatcCtgtA,LDLDDDDDDDDLDDDL,160.4135118543974,58.65950943553881
A,TggCAagcatcCtgtA,LDDLLDDDDDDLDDDL,361.117205292434,42.13960878433032
A,TggCaagcatcCtgtA,LDDLDDDDDDDLDDDL,172.83026416823213,52.03013477165173
A,TggcAagcatcCtgtA,LDDDLDDDDDDLDDDL,158.64028099418763,50.915869146808845
A,TggcaagcatcCtgtA,LDDDDDDDDDDLDDDL,198.52621564537154,53.874991527664875
A,TGGCAagcatccTGTA,LLLLLDDDDDDDLLLL,357.6432512144499,84.61134451542497
A,TGGcAagcatccTGTA,LLLDLDDDDDDDLLLL,376.70841398916923,69.42294779031538
A,TGGcaagcatccTGTA,LLLDDDDDDDDDLLLL,582.2769032860496,63.693396752562066
A,TGgCAagcatccTGTA,LLDLLDDDDDDDLLLL,394.26927637959164,78.60403691517774
A,TGgCaagcatccTGTA,LLDLDDDDDDDDLLLL,392.9299887940395,72.7628925479498
A,TGgcAagcatccTGTA,LLDDLDDDDDDDLLLL,365.5755574464103,52.85574843142099
A,TGgcaagcatccTGTA,LLDDDDDDDDDDLLLL,345.7843697565291,61.70467697799215
A,TgGCAagcatccTGTA,LDLLLDDDDDDDLLLL,395.37722323546063,90.21983095663305
A,TgGCaagcatccTGTA,LDLLDDDDDDDDLLLL,397.85889529536377,55.77247159210504
A,TgGcAagcatccTGTA,LDLDLDDDDDDDLLLL,308.64296506442975,49.9782036855029
A,TgGcaagcatccTGTA,LDLDDDDDDDDDLLLL,379.37949215125815,46.578849494949736
A,TggCAagcatccTGTA,LDDLLDDDDDDDLLLL,434.77129816267694,54.74961865370196
A,TggCaagcatccTGTA,LDDLDDDDDDDDLLLL,397.65175100541796,59.59768555114664
A,TggcAagcatccTGTA,LDDDLDDDDDDDLLLL,235.1129029115857,48.03853636463159
A,TggcaagcatccTGTA,LDDDDDDDDDDDLLLL,346.1863118725958,40.39989409017556
A,TGGCAagcatccTGtA,LLLLLDDDDDDDLLDL,381.48191795788836,71.32935295196089
A,TGGCaagcatccTGtA,LLLLDDDDDDDDLLDL,424.5783504545803,66.89366487825751
A,TGGcAagcatccTGtA,LLLDLDDDDDDDLLDL,366.76934183123484,59.621980036314945
A,TGGcaagcatccTGtA,LLLDDDDDDDDDLLDL,634.33020238238,53.452271336902115
A,TGgCAagcatccTGtA,LLDLLDDDDDDDLLDL,361.90305167827955,63.89455924745463
A,TGgCaagcatccTGtA,LLDLDDDDDDDDLLDL,460.8686139733211,86.97698054966781
A,TGgcAagcatccTGtA,LLDDLDDDDDDDLLDL,341.22752726998516,42.75632924617209
A,TGgcaagcatccTGtA,LLDDDDDDDDDDLLDL,365.6373763330395,48.109943784686386
A,TgGCAagcatccTGtA,LDLLLDDDDDDDLLDL,439.8376730345515,61.63250893119537
A,TgGCaagcatccTGtA,LDLLDDDDDDDDLLDL,412.33313573259375,58.53826705443787
A,TgGcAagcatccTGtA,LDLDLDDDDDDDLLDL,217.9734606032682,51.035573412022416
A,TgGcaagcatccTGtA,LDLDDDDDDDDDLLDL,280.9833680866156,52.78924151191541
A,TggCAagcatccTGtA,LDDLLDDDDDDDLLDL,409.2989696807952,35.05857059724478
A,TggCaagcatccTGtA,LDDLDDDDDDDDLLDL,392.20142841980197,47.32498388156847
A,TggcAagcatccTGtA,LDDDLDDDDDDDLLDL,167.23968687227327,39.49405477276896
A,TggcaagcatccTGtA,LDDDDDDDDDDDLLDL,231.44781949764365,48.208073006059955
A,TGGCAagcatccTgTA,LLLLLDDDDDDDLDLL,389.6567003679133,96.26294804200884
A,TGGCaagcatccTgTA,LLLLDDDDDDDDLDLL,384.8849837207262,73.16070238268551
A,TGGcAagcatccTgTA,LLLDLDDDDDDDLDLL,366.59038348420603,61.73310644176017
A,TGGcaagcatccTgTA,LLLDDDDDDDDDLDLL,415.80039570139587,54.254703384532405
A,TGgCAagcatccTgTA,LLDLLDDDDDDDLDLL,454.49997808942254,56.62500000000001
A,TGgCaagcatccTgTA,LLDLDDDDDDDDLDLL,502.3128938458097,47.275
A,TGgcAagcatccTgTA,LLDDLDDDDDDDLDLL,401.43658065222735,31.75
A,TGgcaagcatccTgTA,LLDDDDDDDDDDLDLL,376.0732512270868,37.675
A,TgGCAagcatccTgTA,LDLLLDDDDDDDLDLL,459.31272147438557,48.75
A,TgGCaagcatccTgTA,LDLLDDDDDDDDLDLL,465.7114853427891,41.300000000000004
A,TgGcAagcatccTgTA,LDLDLDDDDDDDLDLL,290.1119380558958,41.5
A,TgGcaagcatccTgTA,LDLDDDDDDDDDLDLL,251.6512878319511,49.25
A,TggCAagcatccTgTA,LDDLLDDDDDDDLDLL,412.17441792227595,37.775
A,TggCaagcatccTgTA,LDDLDDDDDDDDLDLL,370.7284360084004,37.825
A,TggcAagcatccTgTA,LDDDLDDDDDDDLDLL,244.6453035769538,31.724999999999998
A,TggcaagcatccTgTA,LDDDDDDDDDDDLDLL,315.3867369553824,38.2
A,TGGCAagcatccTgtA,LLLLLDDDDDDDLDDL,385.6238649903482,59.725
A,TGGCaagcatccTgtA,LLLLDDDDDDDDLDDL,428.5429193122254,52.10000000000001
A,TGGcAagcatccTgtA,LLLDLDDDDDDDLDDL,340.79543384053073,43.7
A,TGGcaagcatccTgtA,LLLDDDDDDDDDLDDL,209.95326037992467,45.800000000000004
A,TGgCAagcatccTgtA,LLDLLDDDDDDDLDDL,458.71074482846035,51.5
A,TGgCaagcatccTgtA,LLDLDDDDDDDDLDDL,604.0595531115943,50.60880601983926
A,TGgcAagcatccTgtA,LLDDLDDDDDDDLDDL,353.9398454171442,33.324999999999996
A,TGgcaagcatccTgtA,LLDDDDDDDDDDLDDL,376.6024046549024,35.675
A,TgGCAagcatccTgtA,LDLLLDDDDDDDLDDL,419.05417358604547,34.8
A,TgGCaagcatccTgtA,LDLLDDDDDDDDLDDL,437.9321867593275,32.3
A,TgGcAagcatccTgtA,LDLDLDDDDDDDLDDL,225.61546101196674,34.125
A,TgGcaagcatccTgtA,LDLDDDDDDDDDLDDL,171.77919066113063,46.725
A,TggCAagcatccTgtA,LDDLLDDDDDDDLDDL,460.72940827488793,31.875
A,TggCaagcatccTgtA,LDDLDDDDDDDDLDDL,311.75105150306416,38.75
A,TggcAagcatccTgtA,LDDDLDDDDDDDLDDL,172.88587403276878,34.875
A,TggcaagcatccTgtA,LDDDDDDDDDDDLDDL,190.19908336141518,42.45
A,TGGCAagcatcctGTA,LLLLLDDDDDDDDLLL,359.84958787719506,58.225
A,TGGCaagcatcctGTA,LLLLDDDDDDDDDLLL,411.95055363575966,44.6
A,TGGcAagcatcctGTA,LLLDLDDDDDDDDLLL,412.9052221337422,37.525000000000006
A,TGGcaagcatcctGTA,LLLDDDDDDDDDDLLL,273.1390570555674,46.85
A,TGgCAagcatcctGTA,LLDLLDDDDDDDDLLL,406.55804071869375,46.475
A,TGgCaagcatcctGTA,LLDLDDDDDDDDDLLL,520.3041575122417,44.58340972519983
A,TGgcAagcatcctGTA,LLDDLDDDDDDDDLLL,396.79265378495785,32.824999999999996
A,TGgcaagcatcctGTA,LLDDDDDDDDDDDLLL,364.80880653131453,34.4
A,TgGCAagcatcctGTA,LDLLLDDDDDDDDLLL,447.81248541428886,38.95
A,TgGCaagcatcctGTA,LDLLDDDDDDDDDLLL,478.61235873518353,28.325000000000003
A,TgGcAagcatcctGTA,LDLDLDDDDDDDDLLL,277.3953011264223,32.1
A,TgGcaagcatcctGTA,LDLDDDDDDDDDDLLL,188.0517076417726,45.949999999999996
A,TggCAagcatcctGTA,LDDLLDDDDDDDDLLL,419.0997304123328,29.7
A,TggCaagcatcctGTA,LDDLDDDDDDDDDLLL,254.4935798035076,39.775
A,TggcAagcatcctGTA,LDDDLDDDDDDDDLLL,172.18756208250161,32.8
A,TggcaagcatcctGTA,LDDDDDDDDDDDDLLL,217.46705292008335,45.125
A,TGGCAagcatcctGtA,LLLLLDDDDDDDDLDL,401.15325506904077,57.625
A,TGGCaagcatcctGtA,LLLLDDDDDDDDDLDL,425.4521209087946,43.25
A,TGGcAagcatcctGtA,LLLDLDDDDDDDDLDL,349.52621335879,32.375
A,TGGcaagcatcctGtA,LLLDDDDDDDDDDLDL,251.0093600065246,38.4
A,TGgCAagcatcctGtA,LLDLLDDDDDDDDLDL,418.20720145925065,37.97500000000001
A,TGgCaagcatcctGtA,LLDLDDDDDDDDDLDL,522.3616434611345,40.87013313181943
A,TGgcAagcatcctGtA,LLDDLDDDDDDDDLDL,215.20340728462466,32.425
A,TGgcaagcatcctGtA,LLDDDDDDDDDDDLDL,368.5745969111352,40.35
A,TgGCAagcatcctGtA,LDLLLDDDDDDDDLDL,448.35587963815493,33.05
A,TgGCaagcatcctGtA,LDLLDDDDDDDDDLDL,296.80325720687955,31.05
A,TgGcAagcatcctGtA,LDLDLDDDDDDDDLDL,175.80335877755934,29.3
A,TgGcaagcatcctGtA,LDLDDDDDDDDDDLDL,147.41147956442688,36.625
A,TggCAagcatcctGtA,LDDLLDDDDDDDDLDL,396.5637832849258,18.424999999999997
A,TggCaagcatcctGtA,LDDLDDDDDDDDDLDL,199.62695809537306,30.075
A,TggcAagcatcctGtA,LDDDLDDDDDDDDLDL,138.80155902933353,31.5
A,TggcaagcatcctGtA,LDDDDDDDDDDDDLDL,150.30918865206363,54.0
A,TGGCAagcatcctgTA,LLLLLDDDDDDDDDLL,401.73952644523155,59.475
A,TGGCaagcatcctgTA,LLLLDDDDDDDDDDLL,396.27312813982184,37.125
A,TGGcAagcatcctgTA,LLLDLDDDDDDDDDLL,382.4280352288349,23.925
A,TGGcaagcatcctgTA,LLLDDDDDDDDDDDLL,314.33761150669113,24.200000000000003
A,TGgCAagcatcctgTA,LLDLLDDDDDDDDDLL,418.87189464385665,34.4
A,TGgCaagcatcctgTA,LLDLDDDDDDDDDDLL,500.6278480806939,40.596616536685175
A,TGgcAagcatcctgTA,LLDDLDDDDDDDDDLL,391.2974947391585,30.375
A,TGgcaagcatcctgTA,LLDDDDDDDDDDDDLL,389.39066468143295,35.725
A,TgGCAagcatcctgTA,LDLLLDDDDDDDDDLL,462.9832414579094,24.35
A,TgGCaagcatcctgTA,LDLLDDDDDDDDDDLL,342.3173672516298,18.7
A,TgGcAagcatcctgTA,LDLDLDDDDDDDDDLL,210.38382948448134,24.025000000000002
A,TgGcaagcatcctgTA,LDLDDDDDDDDDDDLL,134.7705676593105,48.95
A,TggCAagcatcctgTA,LDDLLDDDDDDDDDLL,379.5827752477319,22.7
A,TggCaagcatcctgTA,LDDLDDDDDDDDDDLL,195.6915912507459,35.075
A,TggcAagcatcctgTA,LDDDLDDDDDDDDDLL,135.41491896355066,33.125
A,TggcaagcatcctgTA,LDDDDDDDDDDDDDLL,169.52961684596264,49.175
A,TGGCAagcatcctgtA,LLLLLDDDDDDDDDDL,402.9100683743111,50.55
A,TGGCaagcatcctgtA,LLLLDDDDDDDDDDDL,422.4539809511602,35.0
A,TGGcAagcatcctgtA,LLLDLDDDDDDDDDDL,354.4933558281366,35.0
A,TGGcaagcatcctgtA,LLLDDDDDDDDDDDDL,236.79852984825663,30.975000000000005
A,TGgCAagcatcctgtA,LLDLLDDDDDDDDDDL,400.76021608032556,36.575
A,TGgCaagcatcctgtA,LLDLDDDDDDDDDDDL,378.068154939589,42.5
A,TGgcAagcatcctgtA,LLDDLDDDDDDDDDDL,423.11798613965215,32.891355628836486
A,TGgcaagcatcctgtA,LLDDDDDDDDDDDDDL,489.45694797799007,40.792337356076565
A,TgGCAagcatcctgtA,LDLLLDDDDDDDDDDL,594.6824264986293,25.70316201859785
A,TgGCaagcatcctgtA,LDLLDDDDDDDDDDDL,323.90672622581366,19.832961857527216
A,TgGcAagcatcctgtA,LDLDLDDDDDDDDDDL,204.08233909639458,21.60983759001867
A,TgGcaagcatcctgtA,LDLDDDDDDDDDDDDL,179.9212472348254,37.09706726156605
A,TggCAagcatcctgtA,LDDLLDDDDDDDDDDL,367.2502901762734,20.468878068048653
A,TggCaagcatcctgtA,LDDLDDDDDDDDDDDL,177.55321362083882,59.70014661955261
A,TggcAagcatcctgtA,LDDDLDDDDDDDDDDL,145.70984985010793,42.10739098832964
A,TggcaagcatcctgtA,LDDDDDDDDDDDDDDL,200.78409764094067,60.038423137224235
B,GTTActgccttcTTAC,LLLLDDDDDDDDLLLL,272.00694392932644,38.51871795173912
B,GTTACtgccttCTTAC,LLLLLDDDDDDLLLLL,623.5665849215793,59.896503558515235
B,GTTActgccttCTTAC,LLLLDDDDDDDLLLLL,461.3388179767735,45.46180556048217
B,GTTaCtgccttCTTAC,LLLDLDDDDDDLLLLL,474.29220918601806,63.44759797094021
B,GTTactgccttCTTAC,LLLDDDDDDDDLLLLL,378.80251738279804,32.42194513822587
B,GTtACtgccttCTTAC,LLDLLDDDDDDLLLLL,473.8408390423385,56.81856240183543
B,GTtActgccttCTTAC,LLDLDDDDDDDLLLLL,335.3740559031059,44.10156056965642
B,GTtaCtgccttCTTAC,LLDDLDDDDDDLLLLL,364.6508323557744,54.365032194157735
B,GTtactgccttCTTAC,LLDDDDDDDDDLLLLL,327.5862065511488,23.396246404238344
B,GtTACtgccttCTTAC,LDLLLDDDDDDLLLLL,615.9759825851297,56.158449243235374
B,GtTActgccttCTTAC,LDLLDDDDDDDLLLLL,361.4169939911589,38.61195371405357
B,GtTaCtgccttCTTAC,LDLDLDDDDDDLLLLL,342.168927869362,58.46621321362258
B,GtTactgccttCTTAC,LDLDDDDDDDDLLLLL,298.49199627125563,26.477864179242964
B,GttACtgccttCTTAC,LDDLLDDDDDDLLLLL,484.80582203907744,42.756927915414195
B,GttActgccttCTTAC,LDDLDDDDDDDLLLLL,268.1283574728952,35.10419413782905
B,GttaCtgccttCTTAC,LDDDLDDDDDDLLLLL,358.9243369310473,34.67589944785945
B,GttactgccttCTTAC,LDDDDDDDDDDLLLLL,349.71850977787767,16.66223632007925
B,GTTACtgccttCTTaC,LLLLLDDDDDDLLLDL,602.9124270684763,55.70512610040881
B,GTTActgccttCTTaC,LLLLDDDDDDDLLLDL,444.1404835502232,38.66514592261482
B,GTTaCtgccttCTTaC,LLLDLDDDDDDLLLDL,484.94299768847486,56.24545881398465
B,GTTactgccttCTTaC,LLLDDDDDDDDLLLDL,359.9968552383432,26.084501075426097
B,GTtACtgccttCTTaC,LLDLLDDDDDDLLLDL,505.8641389220888,53.24007931811651
B,GTtActgccttCTTaC,LLDLDDDDDDDLLLDL,306.8752770873871,48.51774715631217
B,GTtaCtgccttCTTaC,LLDDLDDDDDDLLLDL,373.2408519277806,51.257291366484715
B,GTtactgccttCTTaC,LLDDDDDDDDDLLLDL,332.68601251271525,18.87298871688962
B,GtTACtgccttCTTaC,LDLLLDDDDDDLLLDL,639.1181094072546,52.741933983774935
B,GtTActgccttCTTaC,LDLLDDDDDDDLLLDL,364.714525246023,37.239776591259556
B,GtTaCtgccttCTTaC,LDLDLDDDDDDLLLDL,354.2832359649189,52.44275480702915
B,GtTactgccttCTTaC,LDLDDDDDDDDLLLDL,271.40016482178333,23.96570561263604
B,GttACtgccttCTTaC,LDDLLDDDDDDLLLDL,413.5283981713066,42.623456878025316
B,GttActgccttCTTaC,LDDLDDDDDDDLLLDL,226.59627673642163,43.459734303861254
B,GttaCtgccttCTTaC,LDDDLDDDDDDLLLDL,261.10495141030015,41.07945559138703
B,GttactgccttCTTaC,LDDDDDDDDDDLLLDL,261.43968721975006,20.308432071703386
B,GTTACtgccttCTtAC,LLLLLDDDDDDLLDLL,487.61312906119997,54.11002074682575
B,GTTActgccttCTtAC,LLLLDDDDDDDLLDLL,291.2828850143474,43.46191634898092
B,GTTaCtgccttCTtAC,LLLDLDDDDDDLLDLL,306.78876098245087,59.939449951918746
B,GTTactgccttCTtAC,LLLDDDDDDDDLLDLL,243.01100407806953,34.766331167395194
B,GTtACtgccttCTtAC,LLDLLDDDDDDLLDLL,289.0597142041963,59.712248353992656
B,GTtActgccttCTtAC,LLDLDDDDDDDLLDLL,163.41076092277157,63.37672635610256
B,GTtaCtgccttCTtAC,LLDDLDDDDDDLLDLL,208.25777393996933,52.51402125586403
B,GTtactgccttCTtAC,LLDDDDDDDDDLLDLL,223.242466192371,24.354128805561807
B,GtTACtgccttCTtAC,LDLLLDDDDDDLLDLL,410.1014773104355,56.76127774275605
B,GtTActgccttCTtAC,LDLLDDDDDDDLLDLL,217.7598976325963,46.927264678378585
B,GtTaCtgccttCTtAC,LDLDLDDDDDDLLDLL,250.1325763930762,66.76724623736234
B,GtTactgccttCTtAC,LDLDDDDDDDDLLDLL,135.35165222250973,47.398448279438966
B,GttACtgccttCTtAC,LDDLLDDDDDDLLDLL,195.5761459235272,50.80624771323604
B,GttActgccttCTtAC,LDDLDDDDDDDLLDLL,151.08226211192627,35.99111640882707
B,GttaCtgccttCTtAC,LDDDLDDDDDDLLDLL,164.98829510878736,39.86895471250765
B,GttactgccttCTtAC,LDDDDDDDDDDLLDLL,136.3793745440827,26.882169286658282
B,GTTACtgccttCTtaC,LLLLLDDDDDDLLDDL,491.7735014865707,60.113436672841665
B,GTTActgccttCTtaC,LLLLDDDDDDDLLDDL,263.6350666182278,48.7316296951603
B,GTTaCtgccttCTtaC,LLLDLDDDDDDLLDDL,308.21810316965065,60.285184191370234
B,GTTactgccttCTtaC,LLLDDDDDDDDLLDDL,273.0553442973511,26.006414433155715
B,GTtACtgccttCTtaC,LLDLLDDDDDDLLDDL,356.3804849626675,48.119828150921904
B,GTtActgccttCTtaC,LLDLDDDDDDDLLDDL,196.06619511264708,37.44927374457613
B,GTtaCtgccttCTtaC,LLDDLDDDDDDLLDDL,231.29847564936404,51.06325403379779
B,GTtactgccttCTtaC,LLDDDDDDDDDLLDDL,198.8408348686363,26.85423349541778
B,GtTACtgccttCTtaC,LDLLLDDDDDDLLDDL,498.69019768989193,52.48775252454266
B,GtTActgccttCTtaC,LDLLDDDDDDDLLDDL,254.8993631529094,38.15770746218207
B,GtTaCtgccttCTtaC,LDLDLDDDDDDLLDDL,281.6090314622397,53.13743095698347
B,GtTactgccttCTtaC,LDLDDDDDDDDLLDDL,158.43389945265716,28.074870180072892
B,GttACtgccttCTtaC,LDDLLDDDDDDLLDDL,268.1993729967089,44.57527087392593
B,GttActgccttCTtaC,LDDLDDDDDDDLLDDL,135.01750810719767,46.65591683396259
B,GttaCtgccttCTtaC,LDDDLDDDDDDLLDDL,125.38035721302053,50.31955533966917
B,GttactgccttCTtaC,LDDDDDDDDDDLLDDL,133.88528872408946,37.15681707085293
B,GTTACtgccttCtTAC,LLLLLDDDDDDLDLLL,440.8036785138326,57.62464121191833
B,GTTActgccttCtTAC,LLLLDDDDDDDLDLLL,252.91161006658277,46.686946688434205
B,GTTaCtgccttCtTAC,LLLDLDDDDDDLDLLL,272.53551131321507,58.79730344395627
B,GTTactgccttCtTAC,LLLDDDDDDDDLDLLL,196.90837952193294,35.655113349005916
B,GTtACtgccttCtTAC,LLDLLDDDDDDLDLLL,277.88767816392505,74.45363303223371
B,GTtActgccttCtTAC,LLDLDDDDDDDLDLLL,170.2580700251588,46.1325150041607
B,GTtaCtgccttCtTAC,LLDDLDDDDDDLDLLL,219.81628456441288,59.40475591140184
B,GTtactgccttCtTAC,LLDDDDDDDDDLDLLL,156.84010108149857,34.40383169739913
B,GtTACtgccttCtTAC,LDLLLDDDDDDLDLLL,426.6477253218613,53.294521050763436
B,GtTActgccttCtTAC,LDLLDDDDDDDLDLLL,195.4213532015699,39.35136846198489
B,GtTaCtgccttCtTAC,LDLDLDDDDDDLDLLL,230.94649592982805,53.25890541670399
B,GtTactgccttCtTAC,LDLDDDDDDDDLDLLL,155.40709479677847,27.94403986029968
B,GttACtgccttCtTAC,LDDLLDDDDDDLDLLL,237.28773480601384,40.338767434408126
B,GttActgccttCtTAC,LDDLDDDDDDDLDLLL,153.55228535539263,32.00060749243717
B,GttaCtgccttCtTAC,LDDDLDDDDDDLDLLL,162.3669960924514,39.77348173957027
B,GttactgccttCtTAC,LDDDDDDDDDDLDLLL,125.37110077580162,35.49049691360895
B,GTTACtgccttCtTaC,LLLLLDDDDDDLDLDL,466.7129843584707,57.78929267556268
B,GTTActgccttCtTaC,LLLLDDDDDDDLDLDL,280.88987345277036,34.412091914563774
B,GTTaCtgccttCtTaC,LLLDLDDDDDDLDLDL,315.6638247473606,53.03499695068881
B,GTTactgccttCtTaC,LLLDDDDDDDDLDLDL,232.8429688044116,23.534934448843863
B,GTtACtgccttCtTaC,LLDLLDDDDDDLDLDL,294.033227847531,45.2107851910629
B,GTtActgccttCtTaC,LLDLDDDDDDDLDLDL,192.54860172911194,34.616717387473
B,GTtaCtgccttCtTaC,LLDDLDDDDDDLDLDL,235.31320111186778,45.67792737157323
B,GTtactgccttCtTaC,LLDDDDDDDDDLDLDL,144.31189126530387,30.341560576045175
B,GtTACtgccttCtTaC,LDLLLDDDDDDLDLDL,438.1842874183628,53.961429896009705
B,GtTActgccttCtTaC,LDLLDDDDDDDLDLDL,187.42729731162896,36.74481405748924
B,GtTaCtgccttCtTaC,LDLDLDDDDDDLDLDL,250.928417119594,48.601640498979336
B,GtTactgccttCtTaC,LDLDDDDDDDDLDLDL,145.45927724928745,26.786285598919882
B,GttACtgccttCtTaC,LDDLLDDDDDDLDLDL,207.3540847073573,39.024206496018465
B,GttActgccttCtTaC,LDDLDDDDDDDLDLDL,134.9914774169907,31.38987576915372
B,GttaCtgccttCtTaC,LDDDLDDDDDDLDLDL,161.0570623388193,36.10480118789282
B,GttactgccttCtTaC,LDDDDDDDDDDLDLDL,114.51420217083125,37.086077987440135
B,GTTACtgccttCttAC,LLLLLDDDDDDLDDLL,441.8688897435959,55.1543303883212
B,GTTActgccttCttAC,LLLLDDDDDDDLDDLL,255.1604706257386,36.59902023323262
B,GTTaCtgccttCttAC,LLLDLDDDDDDLDDLL,282.53802498638004,50.20590168138037
B,GTTactgccttCttAC,LLLDDDDDDDDLDDLL,203.6941086972004,26.568121028387083
B,GTtACtgccttCttAC,LLDLLDDDDDDLDDLL,260.77446415302023,43.336509653556995
B,GTtActgccttCttAC,LLDLDDDDDDDLDDLL,161.37683358949195,35.01865002638448
B,GTtaCtgccttCttAC,LLDDLDDDDDDLDDLL,192.57766508313395,45.17385227455384
B,GTtactgccttCttAC,LLDDDDDDDDDLDDLL,120.05076341545185,44.10534742409643
B,GtTACtgccttCttAC,LDLLLDDDDDDLDDLL,425.4117389626567,51.08831934480756
B,GtTActgccttCttAC,LDLLDDDDDDDLDDLL,191.34974923546432,39.830958663047085
B,GtTaCtgccttCttAC,LDLDLDDDDDDLDDLL,220.3878459224787,45.57492224763074
B,GtTactgccttCttAC,LDLDDDDDDDDLDDLL,129.5936111110731,30.835720117283643
B,GttACtgccttCttAC,LDDLLDDDDDDLDDLL,218.1372621445721,38.733099853103425
B,GttActgccttCttAC,LDDLDDDDDDDLDDLL,128.9194135144962,37.29976668435518
B,GttaCtgccttCttAC,LDDDLDDDDDDLDDLL,132.6437941660591,43.390357035151474
B,GttactgccttCttAC,LDDDDDDDDDDLDDLL,101.86667352919481,51.045657072783754
B,GTTACtgccttCttaC,LLLLLDDDDDDLDDDL,454.15140024137145,58.20657243821281
B,GTTActgccttCttaC,LLLLDDDDDDDLDDDL,250.3048936736427,32.482205311569714
B,GTTaCtgccttCttaC,LLLDLDDDDDDLDDDL,271.55563051258713,47.21901116039979
B,GTTactgccttCttaC,LLLDDDDDDDDLDDDL,198.2778903645767,24.216840109516625
B,GTtACtgccttCttaC,LLDLLDDDDDDLDDDL,259.5674904111364,41.856694086993635
B,GTtActgccttCttaC,LLDLDDDDDDDLDDDL,154.54715570889707,35.72191406142029
B,GTtaCtgccttCttaC,LLDDLDDDDDDLDDDL,190.97659787495272,45.520817273346594
B,GTtactgccttCttaC,LLDDDDDDDDDLDDDL,107.23946316094224,46.30162244810529
B,GtTACtgccttCttaC,LDLLLDDDDDDLDDDL,453.4913360440689,43.106489544096384
B,GtTActgccttCttaC,LDLLDDDDDDDLDDDL,213.01217997464633,40.76225482693944
B,GtTaCtgccttCttaC,LDLDLDDDDDDLDDDL,234.45228527339478,47.49938892448495
B,GtTactgccttCttaC,LDLDDDDDDDDLDDDL,115.36379992057833,36.69432625717424
B,GttACtgccttCttaC,LDDLLDDDDDDLDDDL,188.02494869981595,49.9106865054834
B,GttActgccttCttaC,LDDLDDDDDDDLDDDL,88.64501288715293,51.51698432944217
B,GttaCtgccttCttaC,LDDDLDDDDDDLDDDL,137.1621904668942,49.27201973396157
B,GttactgccttCttaC,LDDDDDDDDDDLDDDL,126.53219062968621,46.19285786987524
B,GTTACtgccttcTTAC,LLLLLDDDDDDDLLLL,573.7574509795032,48.92947301941476
B,GTTaCtgccttcTTAC,LLLDLDDDDDDDLLLL,323.75591508349146,48.62281100695532
B,GTTactgccttcTTAC,LLLDDDDDDDDDLLLL,165.24414896795534,44.08667907108553
B,GTtACtgccttcTTAC,LLDLLDDDDDDDLLLL,376.21954581139926,47.55158259966241
B,GTtActgccttcTTAC,LLDLDDDDDDDDLLLL,194.088274207557,33.34705115233648
B,GTtaCtgccttcTTAC,LLDDLDDDDDDDLLLL,323.64088193811466,39.219451234812155
B,GTtactgccttcTTAC,LLDDDDDDDDDDLLLL,150.881486274879,28.710046050106765
B,GtTACtgccttcTTAC,LDLLLDDDDDDDLLLL,465.0814852636202,42.18853923077695
B,GtTActgccttcTTAC,LDLLDDDDDDDDLLLL,199.6126924940437,41.16319265338936
B,GtTaCtgccttcTTAC,LDLDLDDDDDDDLLLL,257.1596219995197,48.82204729781961
B,GtTactgccttcTTAC,LDLDDDDDDDDDLLLL,147.42507221044565,29.73513838952396
B,GttACtgccttcTTAC,LDDLLDDDDDDDLLLL,361.158080959831,32.49702801119988
B,GttActgccttcTTAC,LDDLDDDDDDDDLLLL,175.34991433194446,28.03737627205514
B,GttaCtgccttcTTAC,LDDDLDDDDDDDLLLL,259.29433712724625,31.391717563166388
B,GttactgccttcTTAC,LDDDDDDDDDDDLLLL,125.15796013746355,36.99382245058426
B,GTTACtgccttcTTaC,LLLLLDDDDDDDLLDL,515.3742106176013,51.70933438864027
B,GTTActgccttcTTaC,LLLLDDDDDDDDLLDL,284.10639070538326,33.24307586858257
B,GTTaCtgccttcTTaC,LLLDLDDDDDDDLLDL,341.0889855782032,42.05708780844694
B,GTTactgccttcTTaC,LLLDDDDDDDDDLLDL,201.94016108600283,25.761744860649543
B,GTtACtgccttcTTaC,LLDLLDDDDDDDLLDL,362.6598396286793,40.1389127646854
B,GTtActgccttcTTaC,LLDLDDDDDDDDLLDL,186.89551888196513,29.4209391425836
B,GTtaCtgccttcTTaC,LLDDLDDDDDDDLLDL,329.9434774836011,55.2768471663209
B,GTtactgccttcTTaC,LLDDDDDDDDDDLLDL,150.91885036470373,33.353050185985175
B,GtTACtgccttcTTaC,LDLLLDDDDDDDLLDL,470.27057249639057,46.79969608268349
B,GtTActgccttcTTaC,LDLLDDDDDDDDLLDL,192.03661693785617,39.754112336875316
B,GtTaCtgccttcTTaC,LDLDLDDDDDDDLLDL,280.0668419494629,44.86992775903828
B,GtTactgccttcTTaC,LDLDDDDDDDDDLLDL,164.61364553954672,25.74318907349882
B,GttACtgccttcTTaC,LDDLLDDDDDDDLLDL,374.24651267285907,30.061443692211988
B,GttActgccttcTTaC,LDDLDDDDDDDDLLDL,176.8023424097512,27.19347610184918
B,GttaCtgccttcTTaC,LDDDLDDDDDDDLLDL,244.58795118944442,28.991562705269864
B,GttactgccttcTTaC,LDDDDDDDDDDDLLDL,137.2203007632895,27.95716973322928
B,GTTACtgccttcTtAC,LLLLLDDDDDDDLDLL,454.30169147993894,45.66691395582802
B,GTTActgccttcTtAC,LLLLDDDDDDDDLDLL,218.01792545875117,37.35210819722266
B,GTTaCtgccttcTtAC,LLLDLDDDDDDDLDLL,273.57237024846364,47.94230919566606
B,GTTactgccttcTtAC,LLLDDDDDDDDDLDLL,187.7634346824133,27.113510751390383
B,GTtACtgccttcTtAC,LLDLLDDDDDDDLDLL,292.8287196909678,37.007653230674414
B,GTtActgccttcTtAC,LLDLDDDDDDDDLDLL,139.3292864520038,30.35882214654105
B,GTtaCtgccttcTtAC,LLDDLDDDDDDDLDLL,217.82370909023084,33.9559309447539
B,GTtactgccttcTtAC,LLDDDDDDDDDDLDLL,127.67007537753115,31.795881255988935
B,GtTACtgccttcTtAC,LDLLLDDDDDDDLDLL,386.82805282317605,42.279918592366016
B,GtTActgccttcTtAC,LDLLDDDDDDDDLDLL,181.3478524987663,43.92822039068709
B,GtTaCtgccttcTtAC,LDLDLDDDDDDDLDLL,214.2288973466218,48.05893920825804
B,GtTactgccttcTtAC,LDLDDDDDDDDDLDLL,111.54201312038147,32.62361948462418
B,GttACtgccttcTtAC,LDDLLDDDDDDDLDLL,239.6567203823529,31.93283917935519
B,GttActgccttcTtAC,LDDLDDDDDDDDLDLL,129.9523835887761,31.80655875421097
B,GttaCtgccttcTtAC,LDDDLDDDDDDDLDLL,134.9805088508988,35.544026574225974
B,GttactgccttcTtAC,LDDDDDDDDDDDLDLL,117.23388789761434,40.06761783411527
B,GTTACtgccttcTtaC,LLLLLDDDDDDDLDDL,446.1713986068582,43.51729481098789
B,GTTActgccttcTtaC,LLLLDDDDDDDDLDDL,208.5921299435001,49.09125407384098
B,GTTaCtgccttcTtaC,LLLDLDDDDDDDLDDL,276.82312225715896,48.224441805256546
B,GTTactgccttcTtaC,LLLDDDDDDDDDLDDL,185.21911340084023,25.496186776708342
B,GTtACtgccttcTtaC,LLDLLDDDDDDDLDDL,277.83934011590867,35.19691452950182
B,GTtActgccttcTtaC,LLDLDDDDDDDDLDDL,134.7175044904525,25.726070984893106
B,GTtaCtgccttcTtaC,LLDDLDDDDDDDLDDL,196.93270624650344,34.36739345155479
B,GTtactgccttcTtaC,LLDDDDDDDDDDLDDL,123.33403860370349,33.609749680691934
B,GtTACtgccttcTtaC,LDLLLDDDDDDDLDDL,460.98811391571417,37.20882345352729
B,GtTActgccttcTtaC,LDLLDDDDDDDDLDDL,183.33637441237238,35.91352991143579
B,GtTaCtgccttcTtaC,LDLDLDDDDDDDLDDL,220.37911783602127,46.86323806428176
B,GtTactgccttcTtaC,LDLDDDDDDDDDLDDL,117.52162539714459,33.266694513511425
B,GttACtgccttcTtaC,LDDLLDDDDDDDLDDL,229.15602839843646,31.711176379873958
B,GttActgccttcTtaC,LDDLDDDDDDDDLDDL,112.06556738997885,34.62012332665992
B,GttaCtgccttcTtaC,LDDDLDDDDDDDLDDL,142.02944166424064,38.1514095479629
B,GttactgccttcTtaC,LDDDDDDDDDDDLDDL,114.53332538851423,48.085910817188434
B,GTTACtgccttctTAC,LLLLLDDDDDDDDLLL,511.5694648396284,41.53744639964695
B,GTTActgccttctTAC,LLLLDDDDDDDDDLLL,160.3386978760905,43.04104573914252
B,GTTaCtgccttctTAC,LLLDLDDDDDDDDLLL,264.0323169524135,48.55520843003809
B,GTTactgccttctTAC,LLLDDDDDDDDDDLLL,134.36644549853358,32.69561421908225
B,GTtACtgccttctTAC,LLDLLDDDDDDDDLLL,318.2092116934253,30.34589160074171
B,GTtActgccttctTAC,LLDLDDDDDDDDDLLL,129.94802589065702,29.338363337344305
B,GTtaCtgccttctTAC,LLDDLDDDDDDDDLLL,236.89946682899895,33.70990802090246
B,GTtactgccttctTAC,LLDDDDDDDDDDDLLL,121.73624094881025,38.62609458406873
B,GtTACtgccttctTAC,LDLLLDDDDDDDDLLL,463.1343501685214,40.382556654053026
B,GtTActgccttctTAC,LDLLDDDDDDDDDLLL,140.6495280799772,42.967333006221274
B,GtTaCtgccttctTAC,LDLDLDDDDDDDDLLL,214.2006121955434,35.27937060073016
B,GtTactgccttctTAC,LDLDDDDDDDDDDLLL,109.3905268297677,31.855226190303046
B,GttACtgccttctTAC,LDDLLDDDDDDDDLLL,247.69239712483832,32.580467471075394
B,GttActgccttctTAC,LDDLDDDDDDDDDLLL,131.21019047753026,35.65779194402953
B,GttaCtgccttctTAC,LDDDLDDDDDDDDLLL,173.82533409087077,43.65313060610026
B,GttactgccttctTAC,LDDDDDDDDDDDDLLL,100.25558617769384,54.63384832446286
B,GTTACtgccttctTaC,LLLLLDDDDDDDDLDL,457.0001119818744,37.377216178727025
B,GTTActgccttctTaC,LLLLDDDDDDDDDLDL,191.2698329618348,22.97338798029279
B,GTTaCtgccttctTaC,LLLDLDDDDDDDDLDL,271.26809943780296,30.905485419294966
B,GTTactgccttctTaC,LLLDDDDDDDDDDLDL,160.8371068721085,21.433107961150586
B,GTtACtgccttctTaC,LLDLLDDDDDDDDLDL,290.57559245012754,25.92232505456479
B,GTtActgccttctTaC,LLDLDDDDDDDDDLDL,137.81994461687393,26.44770752006128
B,GTtaCtgccttctTaC,LLDDLDDDDDDDDLDL,221.8250542634688,32.83368139297199
B,GTtactgccttctTaC,LLDDDDDDDDDDDLDL,128.93532983943425,30.685815691000798
B,GtTACtgccttctTaC,LDLLLDDDDDDDDLDL,437.8812882004749,25.715796889471264
B,GtTActgccttctTaC,LDLLDDDDDDDDDLDL,141.9314047232928,23.19533737036945
B,GtTaCtgccttctTaC,LDLDLDDDDDDDDLDL,201.4591184480323,30.429503623778942
B,GtTactgccttctTaC,LDLDDDDDDDDDDLDL,119.47199053971785,33.16197583554345
B,GttACtgccttctTaC,LDDLLDDDDDDDDLDL,246.18710265482545,31.540390918353225
B,GttActgccttctTaC,LDDLDDDDDDDDDLDL,121.15053636351725,28.69370923307534
B,GttaCtgccttctTaC,LDDDLDDDDDDDDLDL,158.76616410313343,33.643620293251224
B,GttactgccttctTaC,LDDDDDDDDDDDDLDL,102.95039436450737,41.356993412233386
B,GTTACtgccttcttAC,LLLLLDDDDDDDDDLL,362.7082202204867,48.44448109655133
B,GTTActgccttcttAC,LLLLDDDDDDDDDDLL,189.95672327654626,38.22014858879721
B,GTTaCtgccttcttAC,LLLDLDDDDDDDDDLL,185.46844260227132,30.775000000000002
B,GTTactgccttcttAC,LLLDDDDDDDDDDDLL,135.58716316811027,23.3
B,GTtACtgccttcttAC,LLDLLDDDDDDDDDLL,161.0528553945851,25.0
B,GTtActgccttcttAC,LLDLDDDDDDDDDDLL,97.32318511773444,23.15
B,GTtaCtgccttcttAC,LLDDLDDDDDDDDDLL,138.27434847933242,30.075
B,GTtactgccttcttAC,LLDDDDDDDDDDDDLL,102.84729251069832,57.25
B,GtTACtgccttcttAC,LDLLLDDDDDDDDDLL,291.76251261401586,32.300000000000004
B,GtTActgccttcttAC,LDLLDDDDDDDDDDLL,129.70584692181615,24.049999999999997
B,GtTaCtgccttcttAC,LDLDLDDDDDDDDDLL,150.54819963052242,25.475
B,GtTactgccttcttAC,LDLDDDDDDDDDDDLL,97.83237148153044,28.800000000000004
B,GttACtgccttcttAC,LDDLLDDDDDDDDDLL,149.03238746589145,25.025000000000002
B,GttActgccttcttAC,LDDLDDDDDDDDDDLL,93.23247677201637,33.125
B,GttaCtgccttcttAC,LDDDLDDDDDDDDDLL,103.31448056889064,41.0
B,GttactgccttcttAC,LDDDDDDDDDDDDDLL,87.31233597608912,60.425000000000004
B,GTTACtgccttcttaC,LLLLLDDDDDDDDDDL,284.4775022720198,45.775
B,GTTActgccttcttaC,LLLLDDDDDDDDDDDL,159.228706325611,22.05
B,GTTaCtgccttcttaC,LLLDLDDDDDDDDDDL,184.80744260413908,31.075
B,GTTactgccttcttaC,LLLDDDDDDDDDDDDL,126.7390193685081,19.65
B,GTtACtgccttcttaC,LLDLLDDDDDDDDDDL,160.55937580705626,25.424999999999997
B,GTtActgccttcttaC,LLDLDDDDDDDDDDDL,110.31935722472502,21.025
B,GTtaCtgccttcttaC,LLDDLDDDDDDDDDDL,157.87728579854772,28.025
B,GTtactgccttcttaC,LLDDDDDDDDDDDDDL,101.82478035050093,44.625
B,GtTACtgccttcttaC,LDLLLDDDDDDDDDDL,322.56505018597187,30.975
B,GtTActgccttcttaC,LDLLDDDDDDDDDDDL,155.63545898864797,25.325
B,GtTaCtgccttcttaC,LDLDLDDDDDDDDDDL,175.4781956325637,26.299999999999997
B,GtTactgccttcttaC,LDLDDDDDDDDDDDDL,103.49102766193197,29.824999999999996
B,GttACtgccttcttaC,LDDLLDDDDDDDDDDL,184.55384618632488,26.5
B,GttActgccttcttaC,LDDLDDDDDDDDDDDL,91.72552585388837,41.42250628799398
B,GttaCtgccttcttaC,LDDDLDDDDDDDDDDL,130.33191213585744,38.0
B,GttactgccttcttaC,LDDDDDDDDDDDDDDL,102.25920401338077,79.85
A,CAAGcatcctGTA,LLLLDDDDDDLLL,171.41456112009323,106.01841288472187
A,CAAgcatcctGTA,LLLDDDDDDDLLL,436.90764876259374,81.57411375560292
A,CAaGcatcctGTA,LLDLDDDDDDLLL,119.06981583353752,100.66227963108338
A,CAagcatcctGTA,LLDDDDDDDDLLL,249.84445202670454,55.00516025753977
A,CaAGcatcctGTA,LDLLDDDDDDLLL,133.96921456448158,101.0461057534312
A,CaAgcatcctGTA,LDLDDDDDDDLLL,198.19177626796423,67.5090491308052
A,CaaGcatcctGTA,LDDLDDDDDDLLL,97.00696640770657,100.84475626944132
A,CaagcatcctGTA,LDDDDDDDDDLLL,135.334595551512,88.82948078839446
A,CAAGcatcctGtA,LLLLDDDDDDLDL,159.47274017801195,95.05189950866594
A,CAAgcatcctGtA,LLLDDDDDDDLDL,302.3036748753087,56.08192287362482
A,CAaGcatcctGtA,LLDLDDDDDDLDL,142.35278326872358,85.12828666303558
A,CAagcatcctGtA,LLDDDDDDDDLDL,174.6682316239568,52.28444301099963
A,CaAGcatcctGtA,LDLLDDDDDDLDL,130.13692440352438,90.32593355698893
A,CaAgcatcctGtA,LDLDDDDDDDLDL,136.4720110540073,77.33797104292111
A,CaaGcatcctGtA,LDDLDDDDDDLDL,100.3203732014194,88.56661761105758
A,CaagcatcctGtA,LDDDDDDDDDLDL,92.13081139886485,93.14810177209353
A,CAAGcatcctgTA,LLLLDDDDDDDLL,211.82474249930263,81.52676005852453
A,CAAgcatcctgTA,LLLDDDDDDDDLL,301.9116460639901,55.74539889431808
A,CAaGcatcctgTA,LLDLDDDDDDDLL,132.89507753173564,83.62934338284576
A,CAagcatcctgTA,LLDDDDDDDDDLL,189.45587088541004,63.15502720265782
A,CaAGcatcctgTA,LDLLDDDDDDDLL,151.3175823458714,90.02201653909958
A,CaAgcatcctgTA,LDLDDDDDDDDLL,170.57152040054586,59.08221316689794
A,CaaGcatcctgTA,LDDLDDDDDDDLL,107.28420247729362,87.98539227194665
A,CaagcatcctgTA,LDDDDDDDDDDLL,110.98236115843251,75.6143161787481
A,CAAGcatcctgtA,LLLLDDDDDDDDL,193.70112680802936,74.72653099841531
A,CAAgcatcctgtA,LLLDDDDDDDDDL,236.9102370840328,65.9865204907935
A,CAaGcatcctgtA,LLDLDDDDDDDDL,122.91550591904151,87.40145036660984
A,CAagcatcctgtA,LLDDDDDDDDDDL,141.70194682284458,68.94153668834754
A,CaAGcatcctgtA,LDLLDDDDDDDDL,145.0596409952254,76.32277605826012
A,CaAgcatcctgtA,LDLDDDDDDDDDL,121.30396926842404,67.11872295114404
A,CaaGcatcctgtA,LDDLDDDDDDDDL,100.53757831069397,80.78275649540673
A,CaagcatcctgtA,LDDDDDDDDDDDL,100.44774025504472,81.5062395856432
A,GCaagcatcctGT,LLDDDDDDDDDLL,285.38188626867486,25.500862079515436
A,GCaagcatccTGT,LLDDDDDDDDLLL,400.58027472763706,58.49372060179657
A,GCAAgcatccTGT,LLLLDDDDDDLLL,340.1948644983905,90.07075017635029
A,GCAagcatccTGT,LLLDDDDDDDLLL,599.8057219784804,69.07454298623891
A,GCaAgcatccTGT,LLDLDDDDDDLLL,266.7950939888605,93.82561272059135
A,GcAAgcatccTGT,LDLLDDDDDDLLL,186.23076508019582,93.18965947421268
A,GcAagcatccTGT,LDLDDDDDDDLLL,239.07472767148818,53.413890435458725
A,GcaAgcatccTGT,LDDLDDDDDDLLL,154.03012772316808,79.79320688682799
A,GcaagcatccTGT,LDDDDDDDDDLLL,146.95968077988343,66.73156439356633
A,GCAAgcatccTgT,LLLLDDDDDDLDL,305.4990319389373,77.81715096373695
A,GCAagcatccTgT,LLLDDDDDDDLDL,425.9793754402455,43.885574756075165
A,GCaAgcatccTgT,LLDLDDDDDDLDL,208.67054111464583,79.1889802326806
A,GCaagcatccTgT,LLDDDDDDDDLDL,280.6678927962908,37.4846204167259
A,GcAAgcatccTgT,LDLLDDDDDDLDL,175.67649371301297,78.26616660789557
A,GcAagcatccTgT,LDLDDDDDDDLDL,181.05497456756507,37.362825449594915
A,GcaAgcatccTgT,LDDLDDDDDDLDL,109.11594612119131,77.27033781233493
A,GcaagcatccTgT,LDDDDDDDDDLDL,123.71203728843868,62.74401389794308
A,GCAAgcatcctGT,LLLLDDDDDDDLL,351.7917798902127,56.696462816014446
A,GCAagcatcctGT,LLLDDDDDDDDLL,449.82078769479153,27.05655564730425
A,GCaAgcatcctGT,LLDLDDDDDDDLL,318.6453402834686,58.28687291349993
A,GcAAgcatcctGT,LDLLDDDDDDDLL,219.81803286526755,53.49753010404769
A,GcAagcatcctGT,LDLDDDDDDDDLL,188.36450248941767,22.906642397538178
A,GcaAgcatcctGT,LDDLDDDDDDDLL,151.18949559291582,64.14908429774958
A,GcaagcatcctGT,LDDDDDDDDDDLL,111.93983944867587,76.74515260320757
A,GCAAgcatcctgT,LLLLDDDDDDDDL,344.379051662143,37.504764614852576
A,GCAagcatcctgT,LLLDDDDDDDDDL,345.9362533651917,22.262870458437803
A,GCaAgcatcctgT,LLDLDDDDDDDDL,313.8910996693524,46.225233533057825
A,GCaagcatcctgT,LLDDDDDDDDDDL,278.86291216346405,36.069320606034836
A,GcAAgcatcctgT,LDLLDDDDDDDDL,191.2723856606775,44.11078768056073
A,GcAagcatcctgT,LDLDDDDDDDDDL,164.68684757844187,28.17691055738279
A,GcaAgcatcctgT,LDDLDDDDDDDDL,186.52472778122942,68.00382907941182
A,GcaagcatcctgT,LDDDDDDDDDDDL,137.45597763547184,80.34465204410859
A,GGcaagcatccTG,LLDDDDDDDDDLL,553.6108262681632,52.965501035592396
A,GGcaagcatcCTG,LLDDDDDDDDLLL,656.6630733210203,68.65
A,GGCAagcatcCTG,LLLLDDDDDDLLL,617.7248785044245,82.35
A,GGCaagcatcCTG,LLLDDDDDDDLLL,632.4687959826505,93.025
A,GGcAagcatcCTG,LLDLDDDDDDLLL,501.51449852160926,88.00000000000001
A,GgCAagcatcCTG,LDLLDDDDDDLLL,495.39944981125274,81.85
A,GgCaagcatcCTG,LDLDDDDDDDLLL,721.1451168211564,75.925
A,GgcAagcatcCTG,LDDLDDDDDDLLL,396.8760671479565,63.724999999999994
A,GgcaagcatcCTG,LDDDDDDDDDLLL,468.4654179479457,63.39999999999999
A,GGCAagcatcCtG,LLLLDDDDDDLDL,606.8730019169739,89.5
A,GGCaagcatcCtG,LLLDDDDDDDLDL,632.2428175917737,79.95
A,GGcAagcatcCtG,LLDLDDDDDDLDL,333.5728601803989,71.25
A,GGcaagcatcCtG,LLDDDDDDDDLDL,326.93305330965563,67.15
A,GgCAagcatcCtG,LDLLDDDDDDLDL,369.7953857855932,78.275
A,GgCaagcatcCtG,LDLDDDDDDDLDL,344.1010612720602,66.03159063159833
A,GgcAagcatcCtG,LDDLDDDDDDLDL,198.03651362364985,83.15
A,GgcaagcatcCtG,LDDDDDDDDDLDL,389.52792193114766,59.025000000000006
A,GGCAagcatccTG,LLLLDDDDDDDLL,528.4503472508062,85.825
A,GGCaagcatccTG,LLLDDDDDDDDLL,642.1240373668958,71.6
A,GGcAagcatccTG,LLDLDDDDDDDLL,560.4930795025812,50.325127720301154
A,GgCAagcatccTG,LDLLDDDDDDDLL,687.7398063982433,48.78545278880267
A,GgCaagcatccTG,LDLDDDDDDDDLL,684.5570541642877,49.22983051510971
A,GgcAagcatccTG,LDDLDDDDDDDLL,360.77375275184386,30.714965920805888
A,GgcaagcatccTG,LDDDDDDDDDDLL,393.99088586963694,44.85988661891735
A,GGCAagcatcctG,LLLLDDDDDDDDL,603.718420825603,58.01135272527429
A,GGCaagcatcctG,LLLDDDDDDDDDL,496.1978206299598,48.892261103592
A,GGcAagcatcctG,LLDLDDDDDDDDL,359.45094287631855,31.53581911372162
A,GGcaagcatcctG,LLDDDDDDDDDDL,291.10398601425,35.11630159347311
A,GgCAagcatcctG,LDLLDDDDDDDDL,547.0343929966747,33.448294731396885
A,GgCaagcatcctG,LDLDDDDDDDDDL,339.0559081829374,36.05793967758493
A,GgcAagcatcctG,LDDLDDDDDDDDL,205.01108077931863,22.412009710033225
A,GgcaagcatcctG,LDDDDDDDDDDDL,315.97573022992583,48.437548129096974
A,TGGCaagcatCCT,LLLLDDDDDDLLL,361.37680318137535,95.45
A,TGGcaagcatCCT,LLLDDDDDDDLLL,248.86072867919015,88.425
A,TGgCaagcatCCT,LLDLDDDDDDLLL,258.7644586838034,87.125
A,TGgcaagcatCCT,LLDDDDDDDDLLL,315.2317463594718,77.725
A,TgGCaagcatCCT,LDLLDDDDDDLLL,260.10984811233203,90.05000000000001
A,TgGcaagcatCCT,LDLDDDDDDDLLL,126.59736843125422,84.4
A,TggCaagcatCCT,LDDLDDDDDDLLL,112.11891132613448,85.775
A,TggcaagcatCCT,LDDDDDDDDDLLL,329.9144026554836,67.475
A,TGGCaagcatCcT,LLLLDDDDDDLDL,479.97991558727085,100.175
A,TGGcaagcatCcT,LLLDDDDDDDLDL,268.3936798160664,87.27499999999999
A,TGgCaagcatCcT,LLDLDDDDDDLDL,368.5249504619608,97.825
A,TGgcaagcatCcT,LLDDDDDDDDLDL,407.2174630960156,66.85000000000001
A,TgGCaagcatCcT,LDLLDDDDDDLDL,376.573244014988,84.15
A,TgGcaagcatCcT,LDLDDDDDDDLDL,170.11117718855735,72.19825790141769
A,TggCaagcatCcT,LDDLDDDDDDLDL,131.95700168376277,70.0
A,TggcaagcatCcT,LDDDDDDDDDLDL,242.42990550400694,86.95
A,TGGCaagcatcCT,LLLLDDDDDDDLL,447.0328416177472,96.55
A,TGGcaagcatcCT,LLLDDDDDDDDLL,217.16404543960383,85.70000000000002
A,TGgCaagcatcCT,LLDLDDDDDDDLL,360.5672461925422,86.85
A,TGgcaagcatcCT,LLDDDDDDDDDLL,433.6029532716063,81.65
A,TgGCaagcatcCT,LDLLDDDDDDDLL,352.93846335496465,86.5
A,TgGcaagcatcCT,LDLDDDDDDDDLL,144.83633023324936,90.3
A,TggCaagcatcCT,LDDLDDDDDDDLL,156.91856890145448,82.875
A,TggcaagcatcCT,LDDDDDDDDDDLL,253.08776748517053,62.425
A,TGGCaagcatccT,LLLLDDDDDDDDL,470.6250236994915,69.17500000000001
A,TGGcaagcatccT,LLLDDDDDDDDDL,287.31707239901965,57.975
A,TGgCaagcatccT,LLDLDDDDDDDDL,383.2257672485914,71.5
A,TGgcaagcatccT,LLDDDDDDDDDDL,363.69417087519906,77.75
A,TgGCaagcatccT,LDLLDDDDDDDDL,326.96575086625506,50.125
A,TgGcaagcatccT,LDLDDDDDDDDDL,160.3219233436558,56.58853870044926
A,TggCaagcatccT,LDDLDDDDDDDDL,178.1554721047277,55.449999999999996
A,TggcaagcatccT,LDDDDDDDDDDDL,122.53321393254153,78.4
B,ACTGccttctTAC,LLLLDDDDDDLLL,410.283682777188,75.92718514721179
B,ACTgccttctTAC,LLLDDDDDDDLLL,402.6427896506389,54.83683116536504
B,ACtGccttctTAC,LLDLDDDDDDLLL,165.87067505595334,74.20103672453982
B,ACtgccttctTAC,LLDDDDDDDDLLL,208.86713847135607,45.56141898996762
B,AcTGccttctTAC,LDLLDDDDDDLLL,246.61717072348551,63.8768418632517
B,AcTgccttctTAC,LDLDDDDDDDLLL,256.90954930984816,65.5036487110751
B,ActGccttctTAC,LDDLDDDDDDLLL,126.42969452141547,89.95563099886026
B,ActgccttctTAC,LDDDDDDDDDLLL,139.6112669287804,59.19637873655184
B,ACTGccttctTaC,LLLLDDDDDDLDL,392.751441406733,78.52171166583182
B,ACTgccttctTaC,LLLDDDDDDDLDL,383.0292823366151,51.661336688289964
B,ACtGccttctTaC,LLDLDDDDDDLDL,145.90797559869085,73.82758523725852
B,ACtgccttctTaC,LLDDDDDDDDLDL,199.20045406782333,46.50176507075145
B,AcTGccttctTaC,LDLLDDDDDDLDL,217.3949193700175,70.35619143864314
B,AcTgccttctTaC,LDLDDDDDDDLDL,207.5332144378531,58.10278747688644
B,ActGccttctTaC,LDDLDDDDDDLDL,118.14737650984318,93.80914660611356
B,ActgccttctTaC,LDDDDDDDDDLDL,140.43298768123307,59.80222816049461
B,ACTGccttcttAC,LLLLDDDDDDDLL,406.40036540635055,65.56019775465865
B,ACTgccttcttAC,LLLDDDDDDDDLL,339.38654193215984,61.739364659989896
B,ACtGccttcttAC,LLDLDDDDDDDLL,161.93246132894487,73.80390857806448
B,ACtgccttcttAC,LLDDDDDDDDDLL,166.57186486737046,75.54275690429445
B,AcTGccttcttAC,LDLLDDDDDDDLL,216.7284558101254,66.04109797903403
B,AcTgccttcttAC,LDLDDDDDDDDLL,190.7351622436054,67.91202278896698
B,ActGccttcttAC,LDDLDDDDDDDLL,111.82859531596084,75.98042654988174
B,ActgccttcttAC,LDDDDDDDDDDLL,120.40832070201061,72.47231206384672
B,ACTGccttcttaC,LLLLDDDDDDDDL,386.67408697922747,67.20646038404945
B,ACTgccttcttaC,LLLDDDDDDDDDL,332.1686973191535,49.491650606128
B,ACtGccttcttaC,LLDLDDDDDDDDL,176.807451119671,67.53449503003318
B,ACtgccttcttaC,LLDDDDDDDDDDL,170.6032397432601,59.419239979679084
B,AcTGccttcttaC,LDLLDDDDDDDDL,222.48369348408065,61.00793738001461
B,AcTgccttcttaC,LDLDDDDDDDDDL,188.16600692696377,70.36317729101346
B,ActGccttcttaC,LDDLDDDDDDDDL,118.98182589709491,81.04898106330225
B,ActgccttcttaC,LDDDDDDDDDDDL,130.17240177531548,79.08164395615775
B,GTTActgcctTCT,LLLLDDDDDDLLL,356.2875182067308,59.77765902395533
B,GTTactgcctTCT,LLLDDDDDDDLLL,266.70151340580514,48.51558161154324
B,GTtActgcctTCT,LLDLDDDDDDLLL,183.02213177326914,58.438114501071766
B,GTtactgcctTCT,LLDDDDDDDDLLL,168.31914990907595,43.473398436425065
B,GtTActgcctTCT,LDLLDDDDDDLLL,238.75323597466226,47.87000944305226
B,GtTactgcctTCT,LDLDDDDDDDLLL,170.07204902617332,32.99488798268655
B,GttActgcctTCT,LDDLDDDDDDLLL,134.20219933889751,40.62615767574549
B,GttactgcctTCT,LDDDDDDDDDLLL,171.20545794764334,25.010974770070828
B,GTTActgcctTcT,LLLLDDDDDDLDL,221.05704052363157,36.73618666598719
B,GTTactgcctTcT,LLLDDDDDDDLDL,161.40825359742692,33.02930278557906
B,GTtActgcctTcT,LLDLDDDDDDLDL,104.72440978559177,47.48160261984537
B,GTtactgcctTcT,LLDDDDDDDDLDL,98.29758016904798,38.021126932307034
B,GtTActgcctTcT,LDLLDDDDDDLDL,156.4816949688715,51.98292500228449
B,GtTactgcctTcT,LDLDDDDDDDLDL,108.06768517160928,35.40842305691185
B,GttActgcctTcT,LDDLDDDDDDLDL,109.64814423369198,48.46825175028318
B,GttactgcctTcT,LDDDDDDDDDLDL,103.67458890751965,44.355515918844546
B,GTTActgccttCT,LLLLDDDDDDDLL,195.8478696620035,36.77236336890941
B,GTTactgccttCT,LLLDDDDDDDDLL,164.06237164143312,27.496949185650166
B,GTtActgccttCT,LLDLDDDDDDDLL,134.30631983104018,44.057445268040446
B,GTtactgccttCT,LLDDDDDDDDDLL,113.97000212897204,36.396919025665376
B,GtTActgccttCT,LDLLDDDDDDDLL,153.91039614430505,48.979188312585975
B,GtTactgccttCT,LDLDDDDDDDDLL,123.31700114468656,31.321901753958464
B,GttActgccttCT,LDDLDDDDDDDLL,136.45145059625622,40.15205105686198
B,GttactgccttCT,LDDDDDDDDDDLL,127.32042097170188,54.40202863280973
B,GTTActgccttcT,LLLLDDDDDDDDL,142.18148040002228,33.68559918621339
B,GTTactgccttcT,LLLDDDDDDDDDL,137.58721220624807,31.473171638031467
B,GTtActgccttcT,LLDLDDDDDDDDL,133.17987680726876,48.82220276471544
B,GTtactgccttcT,LLDDDDDDDDDDL,109.48844617467576,58.42198286789908
B,GtTActgccttcT,LDLLDDDDDDDDL,136.20670321817306,47.4041977980797
B,GtTactgccttcT,LDLDDDDDDDDDL,117.43252247250162,43.54372793654716
B,GttActgccttcT,LDDLDDDDDDDDL,110.18041822201303,55.926128952230385
B,GttactgccttcT,LDDDDDDDDDDDL,112.12385258777482,72.15754078549676
B,TACTgccttcTTA,LLLLDDDDDDLLL,403.86251947358306,77.03608023332667
B,TACtgccttcTTA,LLLDDDDDDDLLL,488.9528787739477,58.57450979661523
B,TAcTgccttcTTA,LLDLDDDDDDLLL,426.559181440085,67.825649409236
B,TActgccttcTTA,LLDDDDDDDDLLL,362.8160442257287,46.62242257653032
B,TaCTgccttcTTA,LDLLDDDDDDLLL,584.9746849953837,67.73009484790788
B,TaCtgccttcTTA,LDLDDDDDDDLLL,494.231340398537,61.103843399798116
B,TacTgccttcTTA,LDDLDDDDDDLLL,246.40169637315648,69.78007048383522
B,TactgccttcTTA,LDDDDDDDDDLLL,158.18102814210226,47.226096954613055
B,TACTgccttcTtA,LLLLDDDDDDLDL,507.9002954358589,71.50733304148939
B,TACtgccttcTtA,LLLDDDDDDDLDL,368.05544883380657,56.68105076229798
B,TAcTgccttcTtA,LLDLDDDDDDLDL,293.28518596851666,73.24867630125678
B,TActgccttcTtA,LLDDDDDDDDLDL,222.56836137291893,62.389743645270315
B,TaCTgccttcTtA,LDLLDDDDDDLDL,317.2480602679888,65.19748187804586
B,TaCtgccttcTtA,LDLDDDDDDDLDL,236.7300479217789,56.434380553362274
B,TacTgccttcTtA,LDDLDDDDDDLDL,132.56401255813458,67.75451363754468
B,TactgccttcTtA,LDDDDDDDDDLDL,142.2184726816411,61.49660282271844
B,TACTgccttctTA,LLLLDDDDDDDLL,593.8418948300895,49.64057368643053
B,TACtgccttctTA,LLLDDDDDDDDLL,316.76780016227735,49.94144426659949
B,TAcTgccttctTA,LLDLDDDDDDDLL,295.1468592234707,70.64686976862635
B,TActgccttctTA,LLDDDDDDDDDLL,184.482360368321,53.47796709706169
B,TaCTgccttctTA,LDLLDDDDDDDLL,447.7274842101933,56.59311604733327
B,TaCtgccttctTA,LDLDDDDDDDDLL,277.1357328371835,69.43583929024611
B,TacTgccttctTA,LDDLDDDDDDDLL,156.1677260564235,67.49046207700033
B,TactgccttctTA,LDDDDDDDDDDLL,129.57858696031556,67.2063200802586
B,TACTgccttcttA,LLLLDDDDDDDDL,434.57071708438406,61.37133340773952
B,TACtgccttcttA,LLLDDDDDDDDDL,286.0432653820506,52.95621362045799
B,TAcTgccttcttA,LLDLDDDDDDDDL,221.6424182532102,63.37455928250441
B,TActgccttcttA,LLDDDDDDDDDDL,151.84844626104356,65.71551417300992
B,TaCTgccttcttA,LDLLDDDDDDDDL,270.1706634943032,54.42693600374683
B,TaCtgccttcttA,LDLDDDDDDDDDL,192.54055719253256,69.85796286178193
B,TacTgccttcttA,LDDLDDDDDDDDL,117.56622218736969,84.52299372264017
B,TactgccttcttA,LDDDDDDDDDDDL,112.18006227739072,76.91015001399182
B,TTACtgccttCTT,LLLLDDDDDDLLL,396.3569652438262,72.44640242054652
B,TTActgccttCTT,LLLDDDDDDDLLL,291.47655919748473,53.81244800618303
B,TTaCtgccttCTT,LLDLDDDDDDLLL,325.0233426610601,76.70136569621408
B,TTactgccttCTT,LLDDDDDDDDLLL,269.66497309917776,53.69440285493416
B,TtACtgccttCTT,LDLLDDDDDDLLL,237.18891544981992,72.23478512088523
B,TtActgccttCTT,LDLDDDDDDDLLL,183.43476643367035,44.55394838648853
B,TtaCtgccttCTT,LDDLDDDDDDLLL,131.3825567244681,63.01464715847239
B,TtactgccttCTT,LDDDDDDDDDLLL,130.5562049859084,51.72252845857093
B,TTACtgccttCtT,LLLLDDDDDDLDL,308.0311991106901,68.29892734057975
B,TTActgccttCtT,LLLDDDDDDDLDL,204.8225945826705,54.21059862424442
B,TTaCtgccttCtT,LLDLDDDDDDLDL,221.60313177926105,75.66977926106853
B,TTactgccttCtT,LLDDDDDDDDLDL,197.78086445224096,58.30178593771416
B,TtACtgccttCtT,LDLLDDDDDDLDL,181.47020406346675,72.15020168596226
B,TtActgccttCtT,LDLDDDDDDDLDL,153.6618988707668,51.00448834957951
B,TtaCtgccttCtT,LDDLDDDDDDLDL,127.15120301845923,65.68723298087815
B,TtactgccttCtT,LDDDDDDDDDLDL,126.8642129486339,67.52235913223012
B,TTACtgccttcTT,LLLLDDDDDDDLL,337.3664423956123,57.28153791704267
B,TTActgccttcTT,LLLDDDDDDDDLL,225.83153642735815,52.059623815768944
B,TTaCtgccttcTT,LLDLDDDDDDDLL,201.5417424781392,63.52483915812915
B,TTactgccttcTT,LLDDDDDDDDDLL,147.60073555202223,59.44452664618058
B,TtACtgccttcTT,LDLLDDDDDDDLL,165.23169498906967,56.153171811400675
B,TtActgccttcTT,LDLDDDDDDDDLL,145.7081268542715,53.08580958277069
B,TtaCtgccttcTT,LDDLDDDDDDDLL,125.6257160008941,63.298877731573484
B,TtactgccttcTT,LDDDDDDDDDDLL,101.67305299608508,75.01614697213475
B,TTACtgccttctT,LLLLDDDDDDDDL,201.61734997824206,61.08136351374872
B,TTActgccttctT,LLLDDDDDDDDDL,128.30943912850304,65.16604861117138
B,TTaCtgccttctT,LLDLDDDDDDDDL,147.35971446713765,59.77046886338114
B,TTactgccttctT,LLDDDDDDDDDDL,157.56656948587423,59.58928340832384
B,TtACtgccttctT,LDLLDDDDDDDDL,152.50124831691988,57.404869072699476
B,TtActgccttctT,LDLDDDDDDDDDL,116.59781944604738,67.05856546452875
B,TtaCtgccttctT,LDDLDDDDDDDDL,104.87067342878622,70.19818540420795
B,TtactgccttctT,LDDDDDDDDDDDL,82.88678503607098,86.96579407706712
